id,source,target,source_corpus,source_url
1,"Hello, how are you?","Habari, hujambo?","everyday_conversation",""
2,"I am fine, thank you.","Mimi ni mzima, asante.","everyday_conversation",""
3,"What is your name?","Jina lako nani?","everyday_conversation",""
4,"My name is John.","Jina langu ni John.","everyday_conversation",""
5,"Where are you from?","Unatoka wapi?","everyday_conversation",""
6,"I am from Kenya.","Mimi natoka Kenya.","everyday_conversation",""
7,"Good morning.","Habari ya asubuhi.","everyday_conversation",""
8,"Good afternoon.","Habari ya mchana.","everyday_conversation",""
9,"Good evening.","Habari ya jioni.","everyday_conversation",""
10,"Goodbye.","Kwaheri.","everyday_conversation",""
11,"See you later.","Tutaonana baadaye.","everyday_conversation",""
12,"Yes.","Ndiyo.","everyday_conversation",""
13,"No.","Hapana.","everyday_conversation",""
14,"Please.","Tafadhali.","everyday_conversation",""
15,"Thank you very much.","Asante sana.","everyday_conversation",""
16,"You are welcome.","Karibu.","everyday_conversation",""
17,"Excuse me.","Samahani.","everyday_conversation",""
18,"I am sorry.","Ninasikitika.","everyday_conversation",""
19,"Do you speak Swahili?","Unazungumza Kiswahili?","everyday_conversation",""
20,"I only speak a little Swahili.","Ninazungumza Kiswahili kidogo tu.","everyday_conversation",""
21,"I do not understand.","Sielewi.","everyday_conversation",""
22,"Could you repeat that please?","Tafadhali unaweza kurudia?","everyday_conversation",""
23,"How much is this?","Hii ni bei gani?","everyday_conversation",""
24,"I need help.","Ninahitaji msaada.","everyday_conversation",""
25,"Where is the bathroom?","Choo kiko wapi?","everyday_conversation",""
26,"I am hungry.","Ninasikia njaa.","everyday_conversation",""
27,"I am thirsty.","Ninasikia kiu.","everyday_conversation",""
28,"The food is delicious.","Chakula ni kitamu.","everyday_conversation",""
29,"Can I have the bill please?","Naomba bili tafadhali.","everyday_conversation",""
30,"Call the police.","Piga simu polisi.","everyday_conversation",""
31,"I am lost.","Nimepotea.","everyday_conversation",""
32,"What time is it?","Saa ngapi?","everyday_conversation",""
33,"Today is a beautiful day.","Leo ni siku nzuri.","everyday_conversation",""
34,"It is raining.","Inanyesha.","everyday_conversation",""
35,"I love you.","Ninakupenda.","everyday_conversation",""
36,"Congratulations!","Hongera!","everyday_conversation",""
37,"Happy birthday!","Heri ya kuzaliwa!","everyday_conversation",""
38,"Happy new year!","Heri ya mwaka mpya!","everyday_conversation",""
39,"Welcome to our home.","Karibu nyumbani kwetu.","everyday_conversation",""
40,"Have a safe journey.","Safari njema.","everyday_conversation",""
41,"I am going to work.","Ninaenda kazini.","everyday_conversation",""
42,"I am a student.","Mimi ni mwanafunzi.","everyday_conversation",""
43,"Where do you live?","Unaishi wapi?","everyday_conversation",""
44,"I live in Nairobi.","Ninaishi Nairobi.","everyday_conversation",""
45,"Nice to meet you.","Nimefurahi kukutana nawe.","everyday_conversation",""
46,"How is your family?","Familia yako hujambo?","everyday_conversation",""
47,"They are fine.","Hawajambo.","everyday_conversation",""
48,"What are you doing?","Unafanya nini?","everyday_conversation",""
49,"I am reading a book.","Ninasoma kitabu.","everyday_conversation",""
50,"Can we be friends?","Tunaweza kuwa marafiki?","everyday_conversation",""
